SH600000,10731071422394 
SH600004,10731071422396 
SH600005,10731071422398 
SH600006,10731071422400 
SH600007,10731071422403 
SH600008,10731071422406 
SH600009,10731071422408 
SH600010,10731071422410 
SH600011,10731071422413 
SH600012,10731071422416 
SH600015,10731071422419 
SH600016,10731071422421 
SH600017,10731071422424 
SH600018,10731071422426 
SH600019,10731071422428 
SH600020,10731071422431 
SH600021,10731071422433 
SH600022,10731071422435 
SH600023,10731071422438 
SH600026,10731071422440 
SH600027,10731071422443 
SH600028,10731071422445 
SH600029,10731071422447 
SH600030,10731071422450 
SH600031,10731071422452 
SH600033,10731071422454 
SH600035,10731071422457 
SH600036,10731071422459 
SH600037,10731071422461 
SH600038,10731071422464 
SH600039,10731071422466 
SH600048,10731071422469 
SH600050,10731071422471 
SH600051,10731071422473 
SH600052,10731071422476 
SH600053,10731071422478 
SH600054,10731071422481 
SH600055,10731071422483 
SH600056,10731071422486 
SH600057,10731075490859 
SH600058,10731071422488 
SH600059,10731071422491 
SH600060,10731071422493 
SH600061,10731071422495 
SH600062,10731071422497 
SH600063,10731071422499 
SH600064,10731071422501 
SH600066,10731071422503 
SH600067,10731071422505 
SH600068,10731071422507 
SH600069,10731075490861 
SH600070,10731071422509 
SH600071,10731071422511 
SH600072,10731071422512 
SH600073,10731071422514 
SH600074,10731071422516 
SH600075,10731071422518 
SH600076,10731071422520 
SH600077,10731071422522 
SH600078,10731071422524 
SH600079,10731071422525 
SH600080,10731071422527 
SH600081,10731071422529 
SH600082,10731071422531 
SH600083,10731071422533 
SH600084,10731071422535 
SH600085,10731071422537 
SH600086,10731071422538 
SH600088,10731071422540 
SH600089,10731071422542 
SH600090,10731071422544 
SH600091,10731075825020 
SH600093,10731071422546 
SH600094,10731071422548 
SH600095,10731071422550 
SH600096,10731071422552 
SH600097,10731071422554 
SH600098,10731071422556 
SH600099,10731071422558 
SH600100,10731071422560 
SH600101,10731071422561 
SH600103,10731071422563 
SH600104,10731071422565 
SH600105,10731071422567 
SH600106,10731071422569 
SH600107,10731071422571 
SH600108,10731071422574 
SH600109,10731071422576 
SH600110,10731071422578 
SH600111,10731071422580 
SH600112,10731071422583 
SH600113,10731071422585 
SH600114,10731071422587 
SH600115,10731071422590 
SH600116,10731071422592 
SH600117,10731071422595 
SH600118,10731071422597 
SH600119,10731071422600 
SH600120,10731071422602 
SH600121,10731071422605 
SH600122,10731071422607 
SH600123,10731071422609 
SH600125,10731071422612 
SH600126,10731071422615 
SH600127,10731071422617 
SH600128,10731071422620 
SH600129,10731071422623 
SH600130,10731071422625 
SH600131,10731071422628 
SH600132,10731071422631 
SH600133,10731071422633 
SH600135,10731071422635 
SH600136,10731071422638 
SH600137,10731071422640 
SH600138,10731071422642 
SH600139,10731071422644 
SH600141,10731071422646 
SH600143,10731071422649 
SH600145,10731075825022 
SH600146,10731070051269 
SH600148,10731071422651 
SH600149,10731071422654 
SH600150,10731071422656 
SH600151,10731071422658 
SH600152,10731071422661 
SH600153,10731071422664 
SH600155,10731071422666 
SH600156,10731071422669 
SH600157,10731071422671 
SH600158,10731071422674 
SH600159,10731071422676 
SH600160,10731071422679 
SH600161,10731071422681 
SH600162,10731071422684 
SH600163,10731071422686 
SH600165,10731071422689 
SH600166,10731071422691 
SH600167,10731071422693 
SH600168,10731071422696 
SH600169,10731071601124 
SH600170,10731071601126 
SH600171,10731071601128 
SH600172,10731071601130 
SH600173,10731071601132 
SH600175,10731071601134 
SH600176,10731071601136 
SH600177,10731071601138 
SH600178,10731070051271 
SH600179,10731075825027 
SH600180,10731071601140 
SH600182,10731071601142 
SH600183,10731071601144 
SH600184,10731071601146 
SH600185,10731071601148 
SH600186,10731071601150 
SH600187,10731071601152 
SH600188,10731071601155 
SH600189,10731071601157 
SH600190,10731071601159 
SH600191,10731071601161 
SH600192,10731071601214 
SH600193,10731071601216 
SH600195,10731071601217 
SH600196,10731071601219 
SH600197,10731071601221 
SH600198,10731071601223 
SH600199,10731071601225 
SH600200,10731071601227 
SH600201,10731071601229 
SH600202,10731071601231 
SH600203,10731071601233 
SH600206,10731071601235 
SH600207,10731071601237 
SH600208,10731071601239 
SH600209,10731071601241 
SH600210,10731071601243 
SH600211,10731071601245 
SH600212,10731071601247 
SH600213,10731071601249 
SH600215,10731071601251 
SH600216,10731071601253 
SH600217,10731071601255 
SH600218,10731071601257 
SH600219,10731071601259 
SH600220,10731071601261 
SH600221,10731071601263 
SH600222,10731071601265 
SH600223,10731071601267 
SH600225,10731071601269 
SH600226,10731071601271 
SH600227,10731071601273 
SH600228,10731071601275 
SH600229,10731071601277 
SH600230,10731071601279 
SH600231,10731071601280 
SH600232,10731071601282 
SH600233,10731071601284 
SH600234,10731071601286 
SH600235,10731071601288 
SH600236,10731071601290 
SH600237,10731071601292 
SH600238,10731071601294 
SH600239,10731071601296 
SH600240,10731071601298 
SH600241,10731071601300 
SH600242,10731075490857 
SH600243,10731071601303 
SH600246,10731071601306 
SH600247,10731075825036 
SH600248,10731071601308 
SH600249,10731071601311 
SH600250,10731071601313 
SH600251,10731071601316 
SH600252,10731071601319 
SH600255,10731071601322 
SH600256,10731071601324 
SH600257,10731071601327 
SH600258,10731071601329 
SH600259,10731071601332 
SH600260,10731071601334 
SH600261,10731071601336 
SH600262,10731071601339 
SH600265,10731075825033 
SH600266,10731071601341 
SH600267,10731071601343 
SH600268,10731071601345 
SH600269,10731071601347 
SH600270,10731071601349 
SH600271,10731071601351 
SH600272,10731071601353 
SH600273,10731071601355 
SH600275,10731071601357 
SH600276,10731071601359 
SH600277,10731071601361 
SH600278,10731071601363 
SH600279,10731071601364 
SH600280,10731071601366 
SH600281,10731071601368 
SH600282,10731071601370 
SH600283,10731071601372 
SH600284,10731071601374 
SH600285,10731071601376 
SH600287,10731071601378 
SH600288,10731071601380 
SH600289,10731071601382 
SH600290,10731071601383 
SH600291,10731071601385 
SH600292,10731071601387 
SH600293,10731071601389 
SH600295,10731071601391 
SH600297,10731071601393 
SH600298,10731071601395 
SH600299,10731071601397 
SH600300,10731071601399 
SH600301,10731075825040 
SH600302,10731071601401 
SH600303,10731071601403 
SH600305,10731071601405 
SH600306,10731071601407 
SH600307,10731071601409 
SH600308,10731071601411 
SH600309,10731070051273 
SH600310,10731071601412 
SH600311,10731075490855 
SH600312,10731071601415 
SH600313,10731071601418 
SH600315,10731071601420 
SH600316,10731071601423 
SH600317,10731071601425 
SH600318,10731071601428 
SH600319,10731071601430 
SH600320,10731071601433 
SH600321,10731071601435 
SH600322,10731071601438 
SH600323,10731071601441 
SH600325,10731071601443 
SH600326,10731071601445 
SH600327,10731071601448 
SH600328,10731070051275 
SH600329,10731071601450 
SH600330,10731071601453 
SH600331,10731071601455 
SH600332,10731071601458 
SH600333,10731071601460 
SH600335,10731071601463 
SH600336,10731071601465 
SH600337,10731071601468 
SH600338,10731071601471 
SH600339,10731071601473 
SH600340,10731071601476 
SH600343,10731071601480 
SH600345,10731071601483 
SH600346,10731071601486 
SH600348,10731071601489 
SH600350,10731071601491 
SH600351,10731071601494 
SH600352,10731071601497 
SH600353,10731071601500 
SH600354,10731071601503 
SH600355,10731071601505 
SH600356,10731071601508 
SH600358,10731071601510 
SH600359,10731071601511 
SH600360,10731071601513 
SH600361,10731071601515 
SH600362,10731071601517 
SH600363,10731071601519 
SH600365,10731071601521 
SH600366,10731071601523 
SH600367,10731071601525 
SH600368,10731071601527 
SH600369,10731071601528 
SH600370,10731070051277 
SH600371,10731070051279 
SH600372,10731071601530 
SH600373,10731071601532 
SH600375,10731071601534 
SH600376,10731071601536 
SH600377,10731071601538 
SH600378,10731071601540 
SH600379,10731071601542 
SH600380,10731071601544 
SH600381,10731071601546 
SH600382,10731071601548 
SH600383,10731071601549 
SH600385,10731071601551 
SH600386,10731071601553 
SH600387,10731071601555 
SH600388,10731071601557 
SH600389,10731071601559 
SH600390,10731071601561 
SH600391,10731071601563 
SH600392,10731071601565 
SH600393,10731071601944 
SH600395,10731071601946 
SH600396,10731071601948 
SH600397,10731071601950 
SH600398,10731071601952 
SH600399,10731071601954 
SH600400,10731071601956 
SH600401,10731075490852 
SH600403,10731071601957 
SH600405,10731071601959 
SH600406,10731071601961 
SH600408,10731071601963 
SH600409,10731071601965 
SH600410,10731071601967 
SH600415,10731071601968 
SH600416,10731071601970 
SH600418,10731071601972 
SH600419,10731071601974 
SH600420,10731071601976 
SH600421,10731071601978 
SH600422,10731071601979 
SH600423,10731071601981 
SH600425,10731071601983 
SH600426,10731071601985 
SH600428,10731071601987 
SH600429,10731071601989 
SH600432,10731071601991 
SH600433,10731070051281 
SH600435,10731071601993 
SH600436,10731071601995 
SH600438,10731071601997 
SH600439,10731071601999 
SH600444,10731075490850 
SH600446,10731071602001 
SH600448,10731070051283 
SH600449,10731071602004 
SH600452,10731071602006 
SH600455,10731071602008 
SH600456,10731071602009 
SH600458,10731071602011 
SH600459,10731071602013 
SH600460,10731071602016 
SH600461,10731071602018 
SH600462,10731071602021 
SH600463,10731071602024 
SH600466,10731071602027 
SH600467,10731071602030 
SH600468,10731071602034 
SH600469,10731071602037 
SH600470,10731071602040 
SH600475,10731071602042 
SH600476,10731071602045 
SH600477,10731071602048 
SH600478,10731071602050 
SH600479,10731071602052 
SH600480,10731071602054 
SH600481,10731071602056 
SH600482,10731071602058 
SH600483,10731071602110 
SH600485,10731071602112 
SH600486,10731071602114 
SH600487,10731071602116 
SH600488,10731071602118 
SH600489,10731071602120 
SH600490,10731071602122 
SH600491,10731071602125 
SH600493,10731071602127 
SH600495,10731071602130 
SH600496,10731071602133 
SH600497,10731071602137 
SH600498,10731071602139 
SH600499,10731071602142 
SH600500,10731071602145 
SH600501,10731071602148 
SH600502,10731071602151 
SH600503,10731071602154 
SH600505,10731071602157 
SH600506,10731071602160 
SH600507,10731071602163 
SH600508,10731071602166 
SH600509,10731071602169 
SH600510,10731071602172 
SH600511,10731071602174 
SH600512,10731071602215 
SH600513,10731071602216 
SH600515,10731071602218 
SH600516,10731071602220 
SH600517,10731071602222 
SH600518,10731071602224 
SH600519,10731071602225 
SH600520,10731071602227 
SH600521,10731071602229 
SH600522,10731071602231 
SH600523,10731071602233 
SH600525,10731071602235 
SH600526,10731071602237 
SH600527,10731071602239 
SH600528,10731071602242 
SH600529,10731071602245 
SH600530,10731071602248 
SH600531,10731071602250 
SH600532,10731071602253 
SH600533,10731071602256 
SH600535,10731071602259 
SH600536,10731071602262 
SH600537,10731071602265 
SH600538,10731071602268 
SH600539,10731075490848 
SH600540,10731071602272 
SH600543,10731071602275 
SH600545,10731071602278 
SH600546,10731071602281 
SH600547,10731071602284 
SH600548,10731071602286 
SH600549,10731071602289 
SH600550,10731071602292 
SH600551,10731071602295 
SH600552,10731071602634 
SH600555,10731071602637 
SH600556,10731071602639 
SH600557,10731071602641 
SH600558,10731071602643 
SH600559,10731071602645 
SH600560,10731071602647 
SH600561,10731071602649 
SH600562,10731071602651 
SH600563,10731071602653 
SH600565,10731071602655 
SH600566,10731071602657 
SH600567,10731071602658 
SH600568,10731071602661 
SH600569,10731071602663 
SH600570,10731071602664 
SH600571,10731071602666 
SH600572,10731071602668 
SH600573,10731071602670 
SH600575,10731071602672 
SH600576,10731071602674 
SH600577,10731071603135 
SH600578,10731071603137 
SH600579,10731071603139 
SH600580,10731071603141 
SH600581,10731071603143 
SH600582,10731071603145 
SH600583,10731071603146 
SH600584,10731071603148 
SH600585,10731071603150 
SH600586,10731071603152 
SH600587,10731071603154 
SH600588,10731071603156 
SH600589,10731071603158 
SH600590,10731071603159 
SH600592,10731071603161 
SH600593,10731071603164 
SH600594,10731071603167 
SH600595,10731071603169 
SH600596,10731071603170 
SH600597,10731071603172 
SH600598,10731071603174 
SH600599,10731071603176 
SH600600,10731071603178 
SH600601,10731071603180 
SH600602,10731071603182 
SH600603,10731075825024 
SH600604,10731071603183 
SH600605,10731071603185 
SH600606,10731071603187 
SH600608,10731075825029 
SH600609,10731071603189 
SH600610,10731070051285 
SH600611,10731071603191 
SH600612,10731071855124 
SH600613,10731071855126 
SH600614,10731071855128 
SH600615,10731071855130 
SH600616,10731071855132 
SH600617,10731071855134 
SH600618,10731071855136 
SH600619,10731071855138 
SH600620,10731071855140 
SH600621,10731071855142 
SH600622,10731071855143 
SH600623,10731071855145 
SH600624,10731071855147 
SH600626,10731071855149 
SH600628,10731071855151 
SH600629,10731071855153 
SH600630,10731071855155 
SH600633,10731071855157 
SH600634,10731071855158 
SH600635,10731071855160 
SH600636,10731070051287 
SH600637,10731071855163 
SH600638,10731071855165 
SH600639,10731071855168 
SH600640,10731071855170 
SH600641,10731071855172 
SH600642,10731071855174 
SH600643,10731071855176 
SH600644,10731071855177 
SH600645,10731071855179 
SH600647,10731071855181 
SH600648,10731071855183 
SH600649,10731071855185 
SH600650,10731071855186 
SH600651,10731071855188 
SH600652,10731071855190 
SH600653,10731071855192 
SH600654,10731071855194 
SH600655,10731071855196 
SH600657,10731071855197 
SH600658,10731071855199 
SH600660,10731071855201 
SH600661,10731071855203 
SH600662,10731071855205 
SH600663,10731071855206 
SH600664,10731071855209 
SH600665,10731071855210 
SH600666,10731071855212 
SH600667,10731071855214 
SH600668,10731071855216 
SH600671,10731071855218 
SH600673,10731071855220 
SH600674,10731071855221 
SH600675,10731075825043 
SH600676,10731071855223 
SH600677,10731071855225 
SH600678,10731071855227 
SH600679,10731071855229 
SH600680,10731071855231 
SH600681,10731070051289 
SH600682,10731071855233 
SH600683,10731071855236 
SH600684,10731071855238 
SH600685,10731071855240 
SH600686,10731071855242 
SH600687,10731071855245 
SH600688,10731071855248 
SH600689,10731070051291 
SH600690,10731071855251 
SH600691,10731075490846 
SH600692,10731071855254 
SH600693,10731071855257 
SH600694,10731071855260 
SH600695,10731071855262 
SH600696,10731070051293 
SH600697,10731071855264 
SH600698,10731071855266 
SH600699,10731071855268 
SH600701,10731071855270 
SH600702,10731071855272 
SH600703,10731071855273 
SH600704,10731071855275 
SH600705,10731071855277 
SH600706,10731071855279 
SH600707,10731071855281 
SH600708,10731071855283 
SH600711,10731071855285 
SH600712,10731071855286 
SH600713,10731071855288 
SH600714,10731071855290 
SH600715,10731071855292 
SH600716,10731071855294 
SH600717,10731071855296 
SH600718,10731071855297 
SH600719,10731071855299 
SH600720,10731071855301 
SH600721,10731075825045 
SH600722,10731071855303 
SH600723,10731071855305 
SH600724,10731071855307 
SH600725,10731071855308 
SH600726,10731071855310 
SH600727,10731071855312 
SH600728,10731071855314 
SH600729,10731071855316 
SH600730,10731071855318 
SH600731,10731071855320 
SH600733,10731071855321 
SH600734,10731071855323 
SH600735,10731071855325 
SH600736,10731071855327 
SH600737,10731071855329 
SH600738,10731071855332 
SH600739,10731071855334 
SH600740,10731071855337 
SH600741,10731071855339 
SH600742,10731071855341 
SH600743,10731071855344 
SH600744,10731071855347 
SH600745,10731071855349 
SH600746,10731071855352 
SH600747,10731071855354 
SH600748,10731071855356 
SH600749,10731071855359 
SH600750,10731071855362 
SH600751,10731071855364 
SH600753,10731071855367 
SH600754,10731071855370 
SH600755,10731071855372 
SH600756,10731071855375 
SH600757,10731071855377 
SH600758,10731071855381 
SH600759,10731071855383 
SH600760,10731071855386 
SH600761,10731071855389 
SH600763,10731071855392 
SH600764,10731071855395 
SH600765,10731071855398 
SH600766,10731071855401 
SH600767,10731071855403 
SH600768,10731071855406 
SH600769,10731071855409 
SH600770,10731071855412 
SH600771,10731071855414 
SH600773,10731071855417 
SH600774,10731071855420 
SH600775,10731071855423 
SH600776,10731071855426 
SH600777,10731071855429 
SH600778,10731071855431 
SH600779,10731075490844 
SH600780,10731071855434 
SH600781,10731071855436 
SH600782,10731071855438 
SH600783,10731071855440 
SH600784,10731071855442 
SH600785,10731071855444 
SH600787,10731071855446 
SH600789,10731071855448 
SH600790,10731071855450 
SH600791,10731071855452 
SH600792,10731071855454 
SH600793,10731075825038 
SH600794,10731071855456 
SH600795,10731071855458 
SH600796,10731071855460 
SH600797,10731071855462 
SH600798,10731071855463 
SH600800,10731071855465 
SH600801,10731071855467 
SH600802,10731071855469 
SH600803,10731071855471 
SH600804,10731071855473 
SH600805,10731071855475 
SH600806,10731071855476 
SH600807,10731071855479 
SH600808,10731071855480 
SH600809,10731071855482 
SH600810,10731071855484 
SH600811,10731071855486 
SH600812,10731071855488 
SH600814,10731071855489 
SH600815,10731071855491 
SH600816,10731071855493 
SH600817,10731075825031 
SH600818,10731071855495 
SH600819,10731071855497 
SH600820,10731071855499 
SH600821,10731071855501 
SH600822,10731071855503 
SH600823,10731071855505 
SH600824,10731071855508 
SH600825,10731071855510 
SH600826,10731071855513 
SH600827,10731071855515 
SH600828,10731071855518 
SH600829,10731071855521 
SH600830,10731071855523 
SH600831,10731071855525 
SH600833,10731071855528 
SH600834,10731071855530 
SH600835,10731071855533 
SH600836,10731071855535 
SH600837,10731071855538 
SH600838,10731071855540 
SH600839,10731071855542 
SH600841,10731071855545 
SH600843,10731070051295 
SH600844,10731071855548 
SH600845,10731071855551 
SH600846,10731071855554 
SH600847,10731071855556 
SH600848,10731071855559 
SH600850,10731071855562 
SH600851,10731071855565 
SH600853,10731071855568 
SH600854,10731071855570 
SH600855,10731071855573 
SH600856,10731071855576 
SH600857,10731071855579 
SH600858,10731071855582 
SH600859,10731071855586 
SH600860,10731071855589 
SH600861,10731071855591 
SH600862,10731071855594 
SH600863,10731071855597 
SH600864,10731071855600 
SH600865,10731071855603 
SH600866,10731071855606 
SH600867,10731071855609 
SH600868,10731071855612 
SH600869,10731071855615 
SH600870,10731075490841 
SH600871,10731071855618 
SH600872,10731071855621 
SH600873,10731071855624 
SH600874,10731071855627 
SH600875,10731071855630 
SH600876,10731071855633 
SH600877,10731071855636 
SH600879,10731071855639 
SH600880,10731071855642 
SH600881,10731071855645 
SH600882,10731071855648 
SH600883,10731071855650 
SH600884,10731071855653 
SH600885,10731071855656 
SH600886,10731071855659 
SH600887,10731071855662 
SH600888,10731071855664 
SH600889,10731071855666 
SH600890,10731071855668 
SH600891,10731071855670 
SH600892,10731071855671 
SH600893,10731071855673 
SH600894,10731071855675 
SH600895,10731071855677 
SH600896,10731071855679 
SH600897,10731071855681 
SH600898,10731071855683 
SH600900,10731071855685 
SH600917,10731071855687 
SH600919,10731081797237 
SH600958,10731071855689 
SH600959,10731071855691 
SH600960,10731071855693 
SH600961,10731071855695 
SH600962,10731075490839 
SH600963,10731071855697 
SH600965,10731071855698 
SH600966,10731071855701 
SH600967,10731071855703 
SH600969,10731071855705 
SH600970,10731071855707 
SH600971,10731071855709 
SH600973,10731071855711 
SH600975,10731071855713 
SH600976,10731071855715 
SH600978,10731071855717 
SH600979,10731071855719 
SH600980,10731070051297 
SH600981,10731071855721 
SH600982,10731071855723 
SH600983,10731071855725 
SH600984,10731075490837 
SH600985,10731071855727 
SH600986,10731071855729 
SH600987,10731071855731 
SH600988,10731071855733 
SH600990,10731071855735 
SH600992,10731071855737 
SH600993,10731071855739 
SH600995,10731071855741 
SH600997,10731071855743 
SH600998,10731071855745 
SH600999,10731071855747 
SH601000,10731071855749 
SH601001,10731071855751 
SH601002,10731071855753 
SH601003,10731071855754 
SH601005,10731071855756 
SH601006,10731071855758 
SH601007,10731071855760 
SH601008,10731071855763 
SH601009,10731071855765 
SH601010,10731071855767 
SH601011,10731071855769 
SH601012,10731071855771 
SH601015,10731071855773 
SH601016,10731071855775 
SH601018,10731071855777 
SH601020,10731071855779 
SH601021,10731071855782 
SH601028,10731071855791 
SH601038,10731071855794 
SH601058,10731071855796 
SH601069,10731071855799 
SH601088,10731071855801 
SH601098,10731071855803 
SH601099,10731071855806 
SH601100,10731071855809 
SH601101,10731071855818 
SH601106,10731071855821 
SH601107,10731071855823 
SH601111,10731071855826 
SH601113,10731071855828 
SH601116,10731071855831 
SH601117,10731071855833 
SH601118,10731071855835 
SH601126,10731071855838 
SH601127,10731081797321 
SH601137,10731071855840 
SH601139,10731071855842 
SH601155,10731071855845 
SH601158,10731071855849 
SH601166,10731071855852 
SH601168,10731071855855 
SH601169,10731071855857 
SH601177,10731071855860 
SH601179,10731071855863 
SH601186,10731071855866 
SH601188,10731071855869 
SH601198,10731071855872 
SH601199,10731071855874 
SH601208,10731071855877 
SH601211,10731071855880 
SH601216,10731071855883 
SH601218,10731071855886 
SH601222,10731071855888 
SH601225,10731071855898 
SH601226,10731071855901 
SH601231,10731071855904 
SH601233,10731071855907 
SH601238,10731071855909 
SH601258,10731071855920 
SH601288,10731071855922 
SH601311,10731071855925 
SH601313,10731071855928 
SH601318,10731071855930 
SH601328,10731071855932 
SH601333,10731071855934 
SH601336,10731071855936 
SH601339,10731071855938 
SH601368,10731071855940 
SH601369,10731071855942 
SH601377,10731071855944 
SH601388,10731071855946 
SH601390,10731071855948 
SH601398,10731071857791 
SH601515,10731071857793 
SH601518,10731071857794 
SH601519,10731071857796 
SH601555,10731071857798 
SH601558,10731071857800 
SH601566,10731071857802 
SH601567,10731071857804 
SH601579,10731071857806 
SH601588,10731071857808 
SH601599,10731071857809 
SH601600,10731071857811 
SH601601,10731071857813 
SH601607,10731071857815 
SH601608,10731071857817 
SH601611,10731081797334 
SH601616,10731071857819 
SH601618,10731071857821 
SH601628,10731071857823 
SH601633,10731071857825 
SH601636,10731071857827 
SH601666,10731071857829 
SH601668,10731071857831 
SH601669,10731071857833 
SH601677,10731071857834 
SH601678,10731071857836 
SH601688,10731071857838 
SH601689,10731071857840 
SH601699,10731071857842 
SH601700,10731071857844 
SH601717,10731071857845 
SH601718,10731071857847 
SH601727,10731071857849 
SH601766,10731071857851 
SH601777,10731071857853 
SH601788,10731071857855 
SH601789,10731071857857 
SH601798,10731071857859 
SH601799,10731071857861 
SH601800,10731071857863 
SH601801,10731071857864 
SH601808,10731071857866 
SH601818,10731071857868 
SH601857,10731071857870 
SH601866,10731071857872 
SH601872,10731071857874 
SH601877,10731071857876 
SH601880,10731071857878 
SH601886,10731071857880 
SH601888,10731071857882 
SH601890,10731071857884 
SH601898,10731071857886 
SH601899,10731071857888 
SH601900,10731071857892 
SH601901,10731071857894 
SH601908,10731070051298 
SH601918,10731071857896 
SH601919,10731071857898 
SH601928,10731071857900 
SH601929,10731071857902 
SH601933,10731071857904 
SH601939,10731071858001 
SH601958,10731071858004 
SH601965,10731071858007 
SH601966,10731081797282 
SH601968,10731071858009 
SH601969,10731071858011 
SH601985,10731071858013 
SH601988,10731071858015 
SH601989,10731071858017 
SH601991,10731071858019 
SH601992,10731071858021 
SH601996,10731071858023 
SH601998,10731071858025 
SH601999,10731071858027 
SH603000,10731071858029 
SH603001,10731071858031 
SH603002,10731071858033 
SH603003,10731071858034 
SH603005,10731071858036 
SH603006,10731071858038 
SH603008,10731071858040 
SH603009,10731071858042 
SH603010,10731071858044 
SH603011,10731071858046 
SH603012,10731071858047 
SH603015,10731071858049 
SH603016,10731081797296 
SH603017,10731071858051 
SH603018,10731071858053 
SH603019,10731071858055 
SH603020,10731071858057 
SH603021,10731071858059 
SH603022,10731071858061 
SH603023,10731071858062 
SH603025,10731071858064 
SH603026,10731071858066 
SH603027,10731071858068 
SH603028,10731071858070 
SH603030,10731071858072 
SH603066,10731071858074 
SH603069,10731081797264 
SH603077,10731071858076 
SH603085,10731071858078 
SH603088,10731071858080 
SH603099,10731071858082 
SH603100,10731071858084 
SH603101,10731075052184 
SH603108,10731071858088 
SH603111,10731071858090 
SH603116,10731071858093 
SH603117,10731071858096 
SH603118,10731071858099 
SH603123,10731071858102 
SH603126,10731071858104 
SH603128,10731071858107 
SH603131,10731081797331 
SH603158,10731071858110 
SH603166,10731071858120 
SH603167,10731071858123 
SH603168,10731071858126 
SH603169,10731071858129 
SH603188,10731071858132 
SH603198,10731071858135 
SH603199,10731071858137 
SH603222,10731071858141 
SH603223,10731071858143 
SH603227,10731071858146 
SH603268,10731071858148 
SH603288,10731071858150 
SH603299,10731071858153 
SH603300,10731071858155 
SH603306,10731070051300 
SH603308,10731071858156 
SH603309,10731071858158 
SH603311,10731071858161 
SH603315,10731071858162 
SH603318,10731071858164 
SH603322,10731081797243 
SH603328,10731071858166 
SH603333,10731071858168 
SH603338,10731071858170 
SH603339,10731075490834 
SH603355,10731071858172 
SH603366,10731071858174 
SH603368,10731071858176 
SH603369,10731071858178 
SH603377,10731071858180 
SH603398,10731071858181 
SH603399,10731071858183 
SH603456,10731071858185 
SH603508,10731071858187 
SH603518,10731071858189 
SH603519,10731071858191 
SH603520,10731071858193 
SH603528,10731075052190 
SH603555,10731071858195 
SH603558,10731071858196 
SH603566,10731071858198 
SH603567,10731071858200 
SH603568,10731071858202 
SH603588,10731071858204 
SH603589,10731071858206 
SH603598,10731071858208 
SH603599,10731071858209 
SH603600,10731071858211 
SH603601,10731071858214 
SH603606,10731071858217 
SH603608,10731071858219 
SH603609,10731071858221 
SH603611,10731071858223 
SH603616,10731071858226 
SH603618,10731071858228 
SH603636,10731071858231 
SH603663,10731081797240 
SH603669,10731071858233 
SH603678,10731071858235 
SH603686,10731071858238 
SH603688,10731071858240 
SH603696,10731071858243 
SH603698,10731071858245 
SH603699,10731071858248 
SH603701,10731075052213 
SH603703,10731071858251 
SH603718,10731071858254 
SH603726,10731075052204 
SH603729,10731071858257 
SH603737,10731081797338 
SH603766,10731071858260 
SH603778,10731070051302 
SH603779,10731075490832 
SH603788,10731071858263 
SH603789,10731071858266 
SH603798,10731071858269 
SH603799,10731071858271 
SH603800,10731071858274 
SH603806,10731071858277 
SH603808,10731071858280 
SH603818,10731071858283 
SH603822,10731075052195 
SH603828,10731071858286 
SH603838,10731071858289 
SH603861,10731071858292 
SH603866,10731071858294 
SH603868,10731075052208 
SH603869,10731071858297 
SH603883,10731071858299 
SH603885,10731071858302 
SH603889,10731071858305 
SH603898,10731071858309 
SH603899,10731071858311 
SH603901,10731071858314 
SH603909,10731081797307 
SH603918,10731071858318 
SH603919,10731071858321 
SH603936,10731070051304 
SH603939,10731071858324 
SH603958,10731081797299 
SH603959,10731075490830 
SH603968,10731071858327 
SH603969,10731071858330 
SH603979,10731071858333 
SH603988,10731071858343 
SH603989,10731071858346 
SH603993,10731071858348 
SH603996,10731071858350 
SH603997,10731071858352 
SH603998,10731071858354 
SH603999,10731071858356 
SZ000001,10731070310605 
SZ000002,10731070310607 
SZ000004,10731070310609 
SZ000005,10731070310611 
SZ000006,10731070310613 
SZ000007,10731070310615 
SZ000008,10731070310616 
SZ000009,10731070310618 
SZ000010,10731070310620 
SZ000011,10731070310622 
SZ000012,10731070310624 
SZ000014,10731070310626 
SZ000016,10731070310628 
SZ000017,10731070310630 
SZ000018,10731070310631 
SZ000019,10731070310633 
SZ000020,10731070310635 
SZ000021,10731070310637 
SZ000022,10731070310639 
SZ000023,10731070310641 
SZ000025,10731070310642 
SZ000026,10731070310644 
SZ000027,10731070310646 
SZ000028,10731070310648 
SZ000029,10731070310650 
SZ000030,10731070310652 
SZ000031,10731070310654 
SZ000032,10731070310655 
SZ000033,10731070310657 
SZ000034,10731070310659 
SZ000035,10731070310661 
SZ000036,10731070310663 
SZ000037,10731070310665 
SZ000038,10731070310667 
SZ000039,10731070310669 
SZ000040,10731070310671 
SZ000042,10731070310673 
SZ000043,10731070310676 
SZ000045,10731070310678 
SZ000046,10731070310679 
SZ000048,10731070310681 
SZ000049,10731070310683 
SZ000050,10731070310685 
SZ000055,10731070310687 
SZ000056,10731070310689 
SZ000058,10731070310691 
SZ000059,10731070310693 
SZ000060,10731070310695 
SZ000061,10731070310697 
SZ000062,10731070310698 
SZ000063,10731070310700 
SZ000065,10731070310702 
SZ000066,10731070310704 
SZ000068,10731070310706 
SZ000069,10731070310708 
SZ000070,10731070310710 
SZ000078,10731070310712 
SZ000088,10731070310713 
SZ000089,10731070310715 
SZ000090,10731070310717 
SZ000096,10731070310719 
SZ000099,10731070051116 
SZ000100,10731070310721 
SZ000150,10731070310723 
SZ000151,10731070310724 
SZ000153,10731070310726 
SZ000155,10731070310728 
SZ000156,10731070310730 
SZ000157,10731070310732 
SZ000158,10731070310734 
SZ000159,10731070310736 
SZ000166,10731070310738 
SZ000301,10731070310740 
SZ000333,10731070310741 
SZ000338,10731070310743 
SZ000400,10731070310745 
SZ000401,10731070310747 
SZ000402,10731070310749 
SZ000403,10731070310751 
SZ000404,10731070310753 
SZ000407,10731070310755 
SZ000408,10731070310757 
SZ000409,10731070310758 
SZ000410,10731070310761 
SZ000411,10731070310762 
SZ000413,10731070310764 
SZ000415,10731070310766 
SZ000416,10731070310768 
SZ000417,10731070310770 
SZ000418,10731070310772 
SZ000419,10731070310774 
SZ000420,10731070310776 
SZ000421,10731070310778 
SZ000422,10731070310780 
SZ000423,10731070310782 
SZ000425,10731070310784 
SZ000426,10731070310786 
SZ000428,10731070310789 
SZ000429,10731070310791 
SZ000430,10731070310793 
SZ000488,10731070310795 
SZ000498,10731070310797 
SZ000501,10731070310799 
SZ000502,10731070310801 
SZ000503,10731070310802 
SZ000504,10731070310804 
SZ000505,10731070310806 
SZ000506,10731070310808 
SZ000507,10731070310810 
SZ000509,10731070310812 
SZ000510,10731070310813 
SZ000511,10731070310815 
SZ000513,10731070310817 
SZ000514,10731070310819 
SZ000516,10731070310821 
SZ000517,10731070310823 
SZ000518,10731070310825 
SZ000519,10731070310826 
SZ000520,10731070310828 
SZ000521,10731070310830 
SZ000523,10731070310832 
SZ000524,10731070310834 
SZ000525,10731070310836 
SZ000526,10731070310837 
SZ000528,10731070310839 
SZ000529,10731070310841 
SZ000530,10731070310843 
SZ000531,10731070310845 
SZ000532,10731070051118 
SZ000533,10731070310846 
SZ000534,10731070310848 
SZ000536,10731070310850 
SZ000537,10731070310852 
SZ000538,10731070310854 
SZ000539,10731070310856 
SZ000540,10731070310858 
SZ000541,10731070310859 
SZ000543,10731070310861 
SZ000544,10731070310863 
SZ000545,10731070310865 
SZ000546,10731070310867 
SZ000547,10731070310869 
SZ000548,10731070310871 
SZ000550,10731070310873 
SZ000551,10731070310875 
SZ000552,10731070310876 
SZ000553,10731070310878 
SZ000554,10731070310880 
SZ000555,10731070310882 
SZ000557,10731070310884 
SZ000558,10731070310886 
SZ000559,10731070051120 
SZ000560,10731070310888 
SZ000561,10731070310890 
SZ000563,10731070310892 
SZ000564,10731070310894 
SZ000565,10731070310895 
SZ000566,10731070310897 
SZ000567,10731070310899 
SZ000568,10731070310901 
SZ000570,10731070310903 
SZ000571,10731070310905 
SZ000572,10731070310907 
SZ000573,10731070310909 
SZ000576,10731070310911 
SZ000581,10731070310913 
SZ000582,10731070310916 
SZ000584,10731070310918 
SZ000585,10731070310919 
SZ000586,10731070310921 
SZ000587,10731070310923 
SZ000589,10731070310925 
SZ000590,10731070310927 
SZ000591,10731070310929 
SZ000592,10731070310931 
SZ000593,10731070310933 
SZ000595,10731070310935 
SZ000596,10731070310937 
SZ000597,10731070310939 
SZ000598,10731070310941 
SZ000599,10731070310943 
SZ000600,10731070310945 
SZ000601,10731070310947 
SZ000603,10731070310949 
SZ000605,10731070310951 
SZ000606,10731070310953 
SZ000607,10731070310955 
SZ000608,10731070310957 
SZ000609,10731070310959 
SZ000610,10731070310961 
SZ000611,10731070310963 
SZ000612,10731070310964 
SZ000613,10731070310966 
SZ000615,10731070310968 
SZ000616,10731070310970 
SZ000617,10731070310972 
SZ000619,10731070310974 
SZ000620,10731070310976 
SZ000622,10731070310978 
SZ000623,10731070310979 
SZ000625,10731070310981 
SZ000626,10731070310983 
SZ000627,10731070310985 
SZ000628,10731070655931 
SZ000629,10731070655932 
SZ000630,10731070655934 
SZ000631,10731070655936 
SZ000632,10731070655938 
SZ000633,10731070655940 
SZ000635,10731070655942 
SZ000636,10731070655943 
SZ000637,10731070655945 
SZ000638,10731070655947 
SZ000639,10731070655949 
SZ000650,10731070655951 
SZ000651,10731070655953 
SZ000652,10731070655954 
SZ000655,10731070655956 
SZ000656,10731070655958 
SZ000657,10731070655960 
SZ000659,10731070655962 
SZ000661,10731070655964 
SZ000662,10731070655966 
SZ000663,10731070655967 
SZ000665,10731070655969 
SZ000666,10731070655971 
SZ000667,10731070655973 
SZ000668,10731070655975 
SZ000669,10731070655977 
SZ000670,10731070655979 
SZ000671,10731070655981 
SZ000672,10731070655983 
SZ000673,10731070655985 
SZ000676,10731070655986 
SZ000677,10731070655988 
SZ000678,10731070655990 
SZ000679,10731070655992 
SZ000680,10731070655994 
SZ000681,10731070655996 
SZ000682,10731070655998 
SZ000683,10731070655999 
SZ000685,10731070656001 
SZ000686,10731070656003 
SZ000687,10731070656005 
SZ000688,10731070656007 
SZ000690,10731070656009 
SZ000691,10731070656012 
SZ000692,10731070656013 
SZ000693,10731070656015 
SZ000695,10731070656017 
SZ000697,10731070656019 
SZ000698,10731070656021 
SZ000700,10731070656023 
SZ000701,10731070656025 
SZ000702,10731070656027 
SZ000703,10731070656029 
SZ000705,10731070656031 
SZ000707,10731070656033 
SZ000708,10731070656035 
SZ000709,10731070656037 
SZ000710,10731070656039 
SZ000711,10731070656040 
SZ000712,10731070656042 
SZ000713,10731070656044 
SZ000715,10731070656046 
SZ000716,10731070656048 
SZ000717,10731070656050 
SZ000718,10731070656052 
SZ000719,10731070656054 
SZ000720,10731070656056 
SZ000721,10731070656057 
SZ000722,10731070656059 
SZ000723,10731070656061 
SZ000725,10731070656063 
SZ000726,10731070656065 
SZ000727,10731070656067 
SZ000728,10731070656068 
SZ000729,10731070656070 
SZ000731,10731070656072 
SZ000732,10731070656074 
SZ000733,10731070656076 
SZ000735,10731070656078 
SZ000736,10731070656080 
SZ000737,10731070656081 
SZ000738,10731070656083 
SZ000739,10731070656085 
SZ000748,10731070656087 
SZ000750,10731070656089 
SZ000751,10731070656091 
SZ000752,10731070656092 
SZ000753,10731070656094 
SZ000755,10731070656096 
SZ000756,10731070656098 
SZ000757,10731070656100 
SZ000758,10731070656102 
SZ000759,10731070656104 
SZ000760,10731070656105 
SZ000761,10731070656107 
SZ000762,10731070656109 
SZ000766,10731070656111 
SZ000767,10731070656113 
SZ000768,10731070656115 
SZ000776,10731070656117 
SZ000777,10731070656119 
SZ000778,10731070656120 
SZ000779,10731070656122 
SZ000780,10731070656124 
SZ000782,10731070656127 
SZ000783,10731070656129 
SZ000785,10731070656131 
SZ000786,10731070656133 
SZ000788,10731070656135 
SZ000789,10731070656137 
SZ000790,10731070656139 
SZ000791,10731070656141 
SZ000792,10731070656142 
SZ000793,10731070656144 
SZ000795,10731070656146 
SZ000796,10731070656148 
SZ000797,10731070656150 
SZ000798,10731070656152 
SZ000799,10731070656154 
SZ000800,10731070656157 
SZ000801,10731070656158 
SZ000802,10731070656160 
SZ000803,10731070656162 
SZ000806,10731070656164 
SZ000807,10731070656166 
SZ000809,10731070656168 
SZ000810,10731070656170 
SZ000811,10731070656172 
SZ000812,10731070656174 
SZ000813,10731070656176 
SZ000815,10731070656178 
SZ000816,10731070656179 
SZ000818,10731070656181 
SZ000819,10731070656183 
SZ000820,10731070656185 
SZ000821,10731070656187 
SZ000822,10731070656189 
SZ000823,10731070656191 
SZ000825,10731070656193 
SZ000826,10731070656194 
SZ000828,10731070656196 
SZ000829,10731070656198 
SZ000830,10731070656200 
SZ000831,10731070656202 
SZ000833,10731070656204 
SZ000835,10731070656205 
SZ000836,10731070656207 
SZ000837,10731070656209 
SZ000838,10731070656211 
SZ000839,10731070656213 
SZ000848,10731070656215 
SZ000850,10731070656216 
SZ000851,10731070656218 
SZ000852,10731070656220 
SZ000856,10731070656222 
SZ000858,10731070656224 
SZ000859,10731070656226 
SZ000860,10731070656227 
SZ000861,10731070656229 
SZ000862,10731070656231 
SZ000863,10731070656233 
SZ000868,10731070656235 
SZ000869,10731070656237 
SZ000875,10731070656239 
SZ000876,10731070656241 
SZ000877,10731070656243 
SZ000878,10731070656244 
SZ000880,10731070656246 
SZ000881,10731070656248 
SZ000882,10731070656250 
SZ000883,10731070656252 
SZ000885,10731070656254 
SZ000886,10731070656256 
SZ000887,10731070656258 
SZ000888,10731070656260 
SZ000889,10731070656262 
SZ000890,10731070656264 
SZ000892,10731070656266 
SZ000893,10731070656268 
SZ000895,10731070656270 
SZ000897,10731070656272 
SZ000898,10731070656274 
SZ000899,10731070656276 
SZ000900,10731070656278 
SZ000901,10731070656280 
SZ000902,10731070656282 
SZ000903,10731070656284 
SZ000905,10731070656286 
SZ000906,10731070656287 
SZ000908,10731070656290 
SZ000909,10731070656292 
SZ000910,10731070656294 
SZ000911,10731070656296 
SZ000912,10731070656298 
SZ000913,10731070656300 
SZ000915,10731070656302 
SZ000916,10731070656304 
SZ000917,10731070656307 
SZ000918,10731070656309 
SZ000919,10731070656311 
SZ000920,10731070656314 
SZ000921,10731070656316 
SZ000922,10731070656318 
SZ000923,10731070656320 
SZ000925,10731070656322 
SZ000926,10731070656323 
SZ000927,10731070656325 
SZ000928,10731070656327 
SZ000929,10731070656329 
SZ000930,10731070656479 
SZ000931,10731070656481 
SZ000932,10731070656483 
SZ000933,10731070656484 
SZ000935,10731070656486 
SZ000936,10731070656488 
SZ000937,10731070656490 
SZ000938,10731070656492 
SZ000939,10731070051122 
SZ000948,10731070656496 
SZ000949,10731070656498 
SZ000950,10731070656500 
SZ000951,10731070656502 
SZ000952,10731070656504 
SZ000953,10731070656506 
SZ000955,10731070656508 
SZ000957,10731070656510 
SZ000958,10731070656512 
SZ000959,10731070656514 
SZ000960,10731070656516 
SZ000961,10731070656518 
SZ000962,10731070656520 
SZ000963,10731070656522 
SZ000965,10731070656524 
SZ000966,10731070656526 
SZ000967,10731070051124 
SZ000968,10731070656530 
SZ000969,10731070656531 
SZ000970,10731070656533 
SZ000971,10731070656535 
SZ000972,10731070656537 
SZ000973,10731070051126 
SZ000975,10731070656541 
SZ000976,10731070656543 
SZ000977,10731070656545 
SZ000978,10731070656547 
SZ000979,10731070656549 
SZ000980,10731070656551 
SZ000981,10731070656553 
SZ000982,10731070656555 
SZ000983,10731070656557 
SZ000985,10731070656559 
SZ000987,10731070656561 
SZ000988,10731070656563 
SZ000989,10731070656565 
SZ000990,10731070656567 
SZ000993,10731070656569 
SZ000995,10731070656571 
SZ000996,10731070656573 
SZ000997,10731070656575 
SZ000998,10731070656577 
SZ000999,10731070656579 
SZ001696,10731070656580 
SZ001896,10731070656583 
SZ001979,10731070656584 
SZ002001,10731070656586 
SZ002002,10731070656588 
SZ002003,10731070656590 
SZ002004,10731070656592 
SZ002005,10731070656594 
SZ002006,10731070656596 
SZ002007,10731070656597 
SZ002008,10731070051128 
SZ002009,10731070656599 
SZ002010,10731070656601 
SZ002011,10731070656603 
SZ002012,10731070656605 
SZ002013,10731070656607 
SZ002014,10731070656609 
SZ002015,10731070656611 
SZ002016,10731070051129 
SZ002017,10731070656613 
SZ002018,10731070656615 
SZ002019,10731070051131 
SZ002020,10731070656616 
SZ002021,10731070656618 
SZ002022,10731070656620 
SZ002023,10731070656622 
SZ002024,10731070656624 
SZ002025,10731070656626 
SZ002026,10731070656628 
SZ002027,10731070051133 
SZ002028,10731070656630 
SZ002029,10731070656632 
SZ002030,10731070656634 
SZ002031,10731070656636 
SZ002032,10731070656638 
SZ002033,10731070656639 
SZ002034,10731070656641 
SZ002035,10731070656643 
SZ002036,10731070656645 
SZ002037,10731070656647 
SZ002038,10731070051135 
SZ002039,10731070656649 
SZ002040,10731070656651 
SZ002041,10731070656653 
SZ002042,10731070051137 
SZ002043,10731070814067 
SZ002044,10731070814069 
SZ002045,10731070814071 
SZ002046,10731070814073 
SZ002047,10731070814075 
SZ002048,10731070814077 
SZ002049,10731070051139 
SZ002050,10731070814079 
SZ002051,10731070814081 
SZ002052,10731070814082 
SZ002053,10731070814084 
SZ002054,10731070814086 
SZ002055,10731070814088 
SZ002056,10731070814090 
SZ002057,10731070814092 
SZ002058,10731070814094 
SZ002059,10731070814096 
SZ002060,10731070814098 
SZ002061,10731070814100 
SZ002062,10731070814102 
SZ002063,10731070814103 
SZ002064,10731070814105 
SZ002065,10731070814107 
SZ002066,10731070814109 
SZ002067,10731070814111 
SZ002068,10731070814113 
SZ002069,10731070814115 
SZ002070,10731070814117 
SZ002071,10731070814119 
SZ002072,10731070814120 
SZ002073,10731070814122 
SZ002074,10731070814124 
SZ002075,10731070814126 
SZ002076,10731070814128 
SZ002077,10731070814130 
SZ002078,10731070814132 
SZ002079,10731070814134 
SZ002080,10731070814136 
SZ002081,10731070814138 
SZ002082,10731070814141 
SZ002083,10731070814143 
SZ002084,10731070814145 
SZ002085,10731070814147 
SZ002086,10731070814149 
SZ002087,10731070814151 
SZ002088,10731070814153 
SZ002089,10731070814155 
SZ002090,10731070814157 
SZ002091,10731070814159 
SZ002092,10731070814161 
SZ002093,10731070814163 
SZ002094,10731070814165 
SZ002095,10731070814167 
SZ002096,10731070814169 
SZ002097,10731070814171 
SZ002098,10731070814173 
SZ002099,10731070814175 
SZ002100,10731070814177 
SZ002101,10731070814179 
SZ002102,10731070814181 
SZ002103,10731070814182 
SZ002104,10731070814184 
SZ002105,10731070814186 
SZ002106,10731070814188 
SZ002107,10731070814190 
SZ002108,10731070814192 
SZ002109,10731070814194 
SZ002110,10731070051141 
SZ002111,10731070814196 
SZ002112,10731070814198 
SZ002113,10731070814200 
SZ002114,10731070814202 
SZ002115,10731070814204 
SZ002116,10731070814206 
SZ002117,10731070814207 
SZ002118,10731070814209 
SZ002119,10731070814211 
SZ002120,10731070814213 
SZ002121,10731070814215 
SZ002122,10731070814217 
SZ002123,10731070814219 
SZ002124,10731070814221 
SZ002125,10731070814223 
SZ002126,10731070814225 
SZ002127,10731070814227 
SZ002128,10731070814229 
SZ002129,10731070814231 
SZ002130,10731070814233 
SZ002131,10731070814236 
SZ002132,10731070814238 
SZ002133,10731070814240 
SZ002134,10731070814242 
SZ002135,10731070814244 
SZ002136,10731070814246 
SZ002137,10731070814248 
SZ002138,10731070814250 
SZ002139,10731070814252 
SZ002140,10731070814254 
SZ002141,10731070814256 
SZ002142,10731070814258 
SZ002143,10731070814260 
SZ002144,10731070814262 
SZ002145,10731070814264 
SZ002146,10731070814266 
SZ002147,10731070814267 
SZ002148,10731070814269 
SZ002149,10731070814271 
SZ002150,10731070814273 
SZ002151,10731070814275 
SZ002152,10731070814277 
SZ002153,10731070814279 
SZ002154,10731070814281 
SZ002155,10731070814283 
SZ002156,10731070814285 
SZ002157,10731070814287 
SZ002158,10731070814289 
SZ002159,10731070814291 
SZ002160,10731070814293 
SZ002161,10731070814295 
SZ002162,10731070814297 
SZ002163,10731070814298 
SZ002164,10731070814300 
SZ002165,10731070814302 
SZ002166,10731070814304 
SZ002167,10731070814306 
SZ002168,10731070814308 
SZ002169,10731070814310 
SZ002170,10731070814312 
SZ002171,10731070814314 
SZ002172,10731070814316 
SZ002173,10731070814318 
SZ002174,10731070814320 
SZ002175,10731070814322 
SZ002176,10731070814324 
SZ002177,10731070814326 
SZ002178,10731070814328 
SZ002179,10731070814330 
SZ002180,10731070814332 
SZ002181,10731070814334 
SZ002182,10731070814336 
SZ002183,10731070814338 
SZ002184,10731070814339 
SZ002185,10731070814341 
SZ002186,10731070814343 
SZ002187,10731070814345 
SZ002188,10731070814347 
SZ002189,10731070051143 
SZ002190,10731070814349 
SZ002191,10731070814351 
SZ002192,10731070814353 
SZ002193,10731070814355 
SZ002194,10731070814357 
SZ002195,10731070814359 
SZ002196,10731070814361 
SZ002197,10731070814363 
SZ002198,10731070814365 
SZ002199,10731070814367 
SZ002200,10731070814369 
SZ002201,10731070814371 
SZ002202,10731070814373 
SZ002203,10731070814375 
SZ002204,10731070814377 
SZ002205,10731070814379 
SZ002206,10731070814382 
SZ002207,10731070814384 
SZ002208,10731070814386 
SZ002209,10731070814388 
SZ002210,10731070814390 
SZ002211,10731070814392 
SZ002212,10731070814394 
SZ002213,10731070814396 
SZ002214,10731070814398 
SZ002215,10731070814400 
SZ002216,10731070814403 
SZ002217,10731070814405 
SZ002218,10731070814407 
SZ002219,10731070814409 
SZ002220,10731070814411 
SZ002221,10731070814413 
SZ002222,10731070814415 
SZ002223,10731070814417 
SZ002224,10731070051145 
SZ002225,10731070814419 
SZ002226,10731070814421 
SZ002227,10731070814423 
SZ002228,10731070814425 
SZ002229,10731070814427 
SZ002230,10731070814429 
SZ002231,10731070814431 
SZ002232,10731070814433 
SZ002233,10731070814435 
SZ002234,10731070814437 
SZ002235,10731070814438 
SZ002236,10731070814440 
SZ002237,10731070814442 
SZ002238,10731070814444 
SZ002239,10731070814446 
SZ002240,10731070814448 
SZ002241,10731070814450 
SZ002242,10731070814452 
SZ002243,10731070814454 
SZ002244,10731070814456 
SZ002245,10731070814458 
SZ002246,10731070814460 
SZ002247,10731070814462 
SZ002248,10731070814464 
SZ002249,10731070814466 
SZ002250,10731070814468 
SZ002251,10731070814470 
SZ002252,10731070814472 
SZ002253,10731070814474 
SZ002254,10731070814476 
SZ002255,10731070814477 
SZ002256,10731070814479 
SZ002258,10731070814481 
SZ002259,10731070814483 
SZ002260,10731070814485 
SZ002261,10731070814487 
SZ002262,10731070814489 
SZ002263,10731070814491 
SZ002264,10731070814492 
SZ002265,10731070814494 
SZ002266,10731070814496 
SZ002267,10731070814498 
SZ002268,10731070814500 
SZ002269,10731070814502 
SZ002270,10731070814504 
SZ002271,10731070051146 
SZ002272,10731070814506 
SZ002273,10731070814508 
SZ002274,10731070814510 
SZ002275,10731070814512 
SZ002276,10731070814514 
SZ002277,10731070814516 
SZ002278,10731070814517 
SZ002279,10731070814519 
SZ002280,10731070814521 
SZ002281,10731070814523 
SZ002282,10731070814525 
SZ002283,10731070814527 
SZ002284,10731070814529 
SZ002285,10731070051148 
SZ002286,10731070814531 
SZ002287,10731070814533 
SZ002288,10731070814535 
SZ002289,10731070814537 
SZ002290,10731070814539 
SZ002291,10731070814541 
SZ002292,10731070814544 
SZ002293,10731070814546 
SZ002294,10731070051150 
SZ002295,10731070814548 
SZ002296,10731070814550 
SZ002297,10731070814552 
SZ002298,10731070814554 
SZ002299,10731070051152 
SZ002300,10731070814556 
SZ002301,10731070814558 
SZ002302,10731070814560 
SZ002303,10731070814562 
SZ002304,10731070814564 
SZ002305,10731070814566 
SZ002306,10731070814568 
SZ002307,10731070814570 
SZ002308,10731070814571 
SZ002309,10731070814574 
SZ002310,10731070814576 
SZ002311,10731070814577 
SZ002312,10731070814579 
SZ002313,10731070814581 
SZ002314,10731070814583 
SZ002315,10731070814585 
SZ002316,10731070814587 
SZ002317,10731070814589 
SZ002318,10731070814591 
SZ002319,10731070814593 
SZ002320,10731070814595 
SZ002321,10731070814597 
SZ002322,10731070814599 
SZ002323,10731070814600 
SZ002324,10731070814602 
SZ002325,10731070814604 
SZ002326,10731070814606 
SZ002327,10731070814608 
SZ002328,10731070814610 
SZ002329,10731070814612 
SZ002330,10731070814614 
SZ002331,10731070814616 
SZ002332,10731070051154 
SZ002333,10731070814618 
SZ002334,10731070814620 
SZ002335,10731070814622 
SZ002336,10731070814624 
SZ002337,10731070814626 
SZ002338,10731070814628 
SZ002339,10731070814630 
SZ002340,10731070814632 
SZ002341,10731070814634 
SZ002342,10731070814941 
SZ002343,10731070814943 
SZ002344,10731070814945 
SZ002345,10731070814947 
SZ002346,10731070814949 
SZ002347,10731070814951 
SZ002348,10731070814953 
SZ002349,10731070814955 
SZ002350,10731070814957 
SZ002351,10731070814959 
SZ002352,10731070814961 
SZ002353,10731070814962 
SZ002354,10731070814964 
SZ002355,10731070051156 
SZ002356,10731070814966 
SZ002357,10731070814968 
SZ002358,10731070814970 
SZ002359,10731070814972 
SZ002360,10731070051158 
SZ002361,10731070814974 
SZ002362,10731070814976 
SZ002363,10731070814978 
SZ002364,10731070814980 
SZ002365,10731070814982 
SZ002366,10731070814984 
SZ002367,10731070814986 
SZ002368,10731070814988 
SZ002369,10731070814990 
SZ002370,10731070814992 
SZ002371,10731070051159 
SZ002372,10731070814995 
SZ002373,10731070814997 
SZ002374,10731070814998 
SZ002375,10731070815001 
SZ002376,10731070815003 
SZ002377,10731070815005 
SZ002378,10731070815007 
SZ002379,10731070815009 
SZ002380,10731070815011 
SZ002381,10731070815013 
SZ002382,10731070815015 
SZ002383,10731070815017 
SZ002384,10731070051161 
SZ002385,10731070815021 
SZ002386,10731070815023 
SZ002387,10731070815025 
SZ002388,10731070815026 
SZ002389,10731070815028 
SZ002390,10731070815030 
SZ002391,10731070815032 
SZ002392,10731070815034 
SZ002393,10731070815036 
SZ002394,10731070815038 
SZ002395,10731070815040 
SZ002396,10731070815041 
SZ002397,10731070815043 
SZ002398,10731070815045 
SZ002399,10731070815047 
SZ002400,10731070815049 
SZ002401,10731070815051 
SZ002402,10731070051163 
SZ002403,10731070815053 
SZ002404,10731070815055 
SZ002405,10731070815057 
SZ002406,10731070815160 
SZ002407,10731070815162 
SZ002408,10731070815163 
SZ002409,10731070815165 
SZ002410,10731070815167 
SZ002411,10731070815169 
SZ002412,10731070815171 
SZ002413,10731070815173 
SZ002414,10731070815175 
SZ002415,10731070815177 
SZ002416,10731070815179 
SZ002417,10731070815181 
SZ002418,10731070815182 
SZ002419,10731070815184 
SZ002420,10731070815186 
SZ002421,10731070815188 
SZ002422,10731070815190 
SZ002423,10731070815192 
SZ002424,10731070815194 
SZ002425,10731070815196 
SZ002426,10731070815198 
SZ002427,10731070815200 
SZ002428,10731070815203 
SZ002429,10731070051165 
SZ002430,10731070815205 
SZ002431,10731070815207 
SZ002432,10731070815208 
SZ002433,10731070815211 
SZ002434,10731070051167 
SZ002435,10731070815213 
SZ002436,10731070815214 
SZ002437,10731070815216 
SZ002438,10731070815218 
SZ002439,10731070815221 
SZ002440,10731070815223 
SZ002441,10731070815225 
SZ002442,10731070815227 
SZ002443,10731070815229 
SZ002444,10731070815231 
SZ002445,10731070815233 
SZ002446,10731070815234 
SZ002447,10731070815237 
SZ002448,10731070815239 
SZ002449,10731070815241 
SZ002450,10731070815243 
SZ002451,10731070815245 
SZ002452,10731070815247 
SZ002453,10731070815249 
SZ002454,10731070815251 
SZ002455,10731070815253 
SZ002456,10731070815255 
SZ002457,10731070815257 
SZ002458,10731070815259 
SZ002459,10731070051169 
SZ002460,10731070815261 
SZ002461,10731070815263 
SZ002462,10731070815264 
SZ002463,10731070815266 
SZ002464,10731070815268 
SZ002465,10731070815270 
SZ002466,10731070815272 
SZ002467,10731070815274 
SZ002468,10731070815276 
SZ002469,10731070815278 
SZ002470,10731070815280 
SZ002471,10731070815282 
SZ002472,10731070815284 
SZ002473,10731070051171 
SZ002474,10731070815286 
SZ002475,10731070815287 
SZ002476,10731070815289 
SZ002477,10731070815291 
SZ002478,10731070815293 
SZ002479,10731070815295 
SZ002480,10731070815297 
SZ002481,10731070815299 
SZ002482,10731070815301 
SZ002483,10731070815303 
SZ002484,10731070815304 
SZ002485,10731070815307 
SZ002486,10731070815309 
SZ002487,10731070815311 
SZ002488,10731070815313 
SZ002489,10731070815315 
SZ002490,10731070815317 
SZ002491,10731070815318 
SZ002492,10731070815320 
SZ002493,10731070815322 
SZ002494,10731070815324 
SZ002495,10731070815326 
SZ002496,10731070815328 
SZ002497,10731070815330 
SZ002498,10731070815332 
SZ002499,10731070815334 
SZ002500,10731070815336 
SZ002501,10731070815338 
SZ002502,10731070815340 
SZ002503,10731070815342 
SZ002504,10731070815344 
SZ002505,10731070051173 
SZ002506,10731070815346 
SZ002507,10731070815348 
SZ002508,10731070815350 
SZ002509,10731070815352 
SZ002510,10731070815354 
SZ002511,10731070815355 
SZ002512,10731070815357 
SZ002513,10731070815359 
SZ002514,10731070815361 
SZ002515,10731070815363 
SZ002516,10731070815365 
SZ002517,10731070815367 
SZ002518,10731070815369 
SZ002519,10731070815371 
SZ002520,10731070815373 
SZ002521,10731070815375 
SZ002522,10731070815377 
SZ002523,10731070815379 
SZ002524,10731070815382 
SZ002526,10731070815384 
SZ002527,10731070815386 
SZ002528,10731070815388 
SZ002529,10731070815390 
SZ002530,10731070815392 
SZ002531,10731070815394 
SZ002532,10731070815396 
SZ002533,10731070815398 
SZ002534,10731070815400 
SZ002535,10731070815402 
SZ002536,10731070815404 
SZ002537,10731070815406 
SZ002538,10731070815408 
SZ002539,10731070815410 
SZ002540,10731070815412 
SZ002541,10731070815414 
SZ002542,10731070815416 
SZ002543,10731070815418 
SZ002544,10731070815420 
SZ002545,10731070815422 
SZ002546,10731070815424 
SZ002547,10731070815426 
SZ002548,10731070815428 
SZ002549,10731070051175 
SZ002550,10731070815430 
SZ002551,10731070815432 
SZ002552,10731070815434 
SZ002553,10731070815436 
SZ002554,10731070815438 
SZ002555,10731070815439 
SZ002556,10731070815441 
SZ002557,10731070815443 
SZ002558,10731070815445 
SZ002559,10731070815447 
SZ002560,10731070815449 
SZ002561,10731070815451 
SZ002562,10731070815453 
SZ002563,10731070815455 
SZ002564,10731070815457 
SZ002565,10731075490697 
SZ002566,10731075490828 
SZ002567,10731071420825 
SZ002568,10731071420827 
SZ002569,10731071420829 
SZ002570,10731071420831 
SZ002571,10731071420833 
SZ002572,10731071420835 
SZ002573,10731071420837 
SZ002574,10731071420839 
SZ002575,10731071420840 
SZ002576,10731071420842 
SZ002577,10731071420844 
SZ002578,10731071420846 
SZ002579,10731071420848 
SZ002580,10731070051177 
SZ002581,10731071420850 
SZ002582,10731071420852 
SZ002583,10731071420854 
SZ002584,10731071420855 
SZ002585,10731071420857 
SZ002586,10731071420859 
SZ002587,10731071420861 
SZ002588,10731071420863 
SZ002589,10731071420865 
SZ002590,10731071420866 
SZ002591,10731071420868 
SZ002592,10731071420870 
SZ002593,10731071420873 
SZ002594,10731071420875 
SZ002595,10731071420877 
SZ002596,10731071420879 
SZ002597,10731071420881 
SZ002598,10731071420882 
SZ002599,10731071420884 
SZ002600,10731071420886 
SZ002601,10731070051179 
SZ002602,10731071420888 
SZ002603,10731070051181 
SZ002604,10731071420890 
SZ002605,10731071420892 
SZ002606,10731071420894 
SZ002607,10731071420896 
SZ002608,10731071420899 
SZ002609,10731071420901 
SZ002610,10731071420903 
SZ002611,10731070051182 
SZ002612,10731071420905 
SZ002613,10731070051184 
SZ002614,10731071420907 
SZ002615,10731071420909 
SZ002616,10731071420912 
SZ002617,10731071420914 
SZ002618,10731071420916 
SZ002619,10731071420918 
SZ002620,10731071420920 
SZ002621,10731071420921 
SZ002622,10731071420923 
SZ002623,10731070051186 
SZ002624,10731071420925 
SZ002625,10731071420927 
SZ002626,10731071420929 
SZ002627,10731071420931 
SZ002628,10731071420933 
SZ002629,10731071420935 
SZ002630,10731071420937 
SZ002631,10731071420938 
SZ002632,10731071420940 
SZ002633,10731071420942 
SZ002634,10731071420944 
SZ002635,10731071420946 
SZ002636,10731071420948 
SZ002637,10731071420950 
SZ002638,10731071420952 
SZ002639,10731071420954 
SZ002640,10731071420956 
SZ002641,10731071420957 
SZ002642,10731071420959 
SZ002643,10731071420961 
SZ002644,10731071420963 
SZ002645,10731071420965 
SZ002646,10731071420967 
SZ002647,10731071420968 
SZ002648,10731071420970 
SZ002649,10731071420972 
SZ002650,10731071420974 
SZ002651,10731071420976 
SZ002652,10731071420978 
SZ002653,10731071420980 
SZ002654,10731071420982 
SZ002655,10731070051188 
SZ002656,10731070051190 
SZ002657,10731071420984 
SZ002658,10731071420987 
SZ002659,10731071420989 
SZ002660,10731071420991 
SZ002661,10731070051192 
SZ002662,10731071420993 
SZ002663,10731071420995 
SZ002664,10731071420997 
SZ002665,10731071420999 
SZ002666,10731071421001 
SZ002667,10731071421003 
SZ002668,10731071421005 
SZ002669,10731071421007 
SZ002670,10731071421009 
SZ002671,10731071421011 
SZ002672,10731071421013 
SZ002673,10731071421015 
SZ002674,10731071421017 
SZ002675,10731070051194 
SZ002676,10731071421019 
SZ002677,10731071421021 
SZ002678,10731071421022 
SZ002679,10731071421024 
SZ002680,10731071421026 
SZ002681,10731071421028 
SZ002682,10731071421030 
SZ002683,10731071421032 
SZ002684,10731071421034 
SZ002685,10731071421035 
SZ002686,10731070051196 
SZ002687,10731070051197 
SZ002688,10731071421037 
SZ002689,10731071421039 
SZ002690,10731071421041 
SZ002691,10731071421043 
SZ002692,10731071421045 
SZ002693,10731071421047 
SZ002694,10731071421048 
SZ002695,10731071421050 
SZ002696,10731071421052 
SZ002697,10731071421054 
SZ002698,10731071421056 
SZ002699,10731071421058 
SZ002700,10731071421059 
SZ002701,10731071421061 
SZ002702,10731071421063 
SZ002703,10731071421065 
SZ002705,10731071421067 
SZ002706,10731071421069 
SZ002707,10731071421071 
SZ002708,10731071421073 
SZ002709,10731071421075 
SZ002710,10731071421076 
SZ002711,10731071421078 
SZ002712,10731071421080 
SZ002713,10731070051199 
SZ002714,10731071421082 
SZ002715,10731071421084 
SZ002716,10731071421086 
SZ002717,10731071421088 
SZ002718,10731070051201 
SZ002719,10731071421090 
SZ002720,10731071421092 
SZ002721,10731071421094 
SZ002722,10731071421096 
SZ002723,10731071421098 
SZ002724,10731071421100 
SZ002725,10731071421102 
SZ002726,10731071421104 
SZ002727,10731071421106 
SZ002728,10731071421108 
SZ002729,10731071421110 
SZ002730,10731071421112 
SZ002731,10731071421114 
SZ002732,10731071421116 
SZ002733,10731071421118 
SZ002734,10731071421120 
SZ002735,10731071421123 
SZ002736,10731071421125 
SZ002737,10731071421127 
SZ002738,10731071421129 
SZ002739,10731071421132 
SZ002740,10731071421134 
SZ002741,10731071421136 
SZ002742,10731071421137 
SZ002743,10731071421139 
SZ002745,10731071421141 
SZ002746,10731071421143 
SZ002747,10731071421145 
SZ002748,10731071421147 
SZ002749,10731071421149 
SZ002750,10731071421151 
SZ002751,10731071421153 
SZ002752,10731071421154 
SZ002753,10731071421156 
SZ002755,10731071421158 
SZ002756,10731071421160 
SZ002757,10731071421162 
SZ002758,10731071421164 
SZ002759,10731071421165 
SZ002760,10731071421167 
SZ002761,10731071421169 
SZ002762,10731071421171 
SZ002763,10731071421173 
SZ002765,10731071421175 
SZ002766,10731071421176 
SZ002767,10731071421178 
SZ002768,10731071421180 
SZ002769,10731071421182 
SZ002770,10731071421184 
SZ002771,10731071421186 
SZ002772,10731070051203 
SZ002773,10731071421188 
SZ002775,10731071421189 
SZ002776,10731071421191 
SZ002777,10731071421193 
SZ002778,10731071421195 
SZ002779,10731071421197 
SZ002780,10731071421199 
SZ002781,10731071421201 
SZ002782,10731071421203 
SZ002783,10731071421205 
SZ002785,10731070051205 
SZ002786,10731071421207 
SZ002787,10731071421209 
SZ002788,10731071421211 
SZ002789,10731071421213 
SZ002790,10731071421214 
SZ002791,10731071421216 
SZ002792,10731071421218 
SZ002793,10731075052211 
SZ002795,10731075052197 
SZ002796,10731075052181 
SZ002797,10731075052179 
SZ002798,10731081797364 
SZ002799,10731081797324 
SZ002800,10731081797346 
SZ002801,10731081797317 
SZ002802,10731081797303 
SZ002803,10731081797261 
SZ002805,10731081797276 
SZ002806,10731081797247 
SZ300001,10731071421220 
SZ300002,10731071421222 
SZ300003,10731071421224 
SZ300004,10731071421226 
SZ300005,10731071421228 
SZ300006,10731071421230 
SZ300007,10731071421232 
SZ300008,10731071421234 
SZ300009,10731071421236 
SZ300010,10731071421238 
SZ300011,10731071421240 
SZ300012,10731071421244 
SZ300013,10731071421246 
SZ300014,10731071421248 
SZ300015,10731071421251 
SZ300016,10731071421253 
SZ300017,10731071421256 
SZ300018,10731071421258 
SZ300019,10731071421260 
SZ300020,10731071421263 
SZ300021,10731071421265 
SZ300022,10731071421267 
SZ300023,10731071421270 
SZ300024,10731071421272 
SZ300025,10731071421275 
SZ300026,10731071421277 
SZ300027,10731071421279 
SZ300028,10731071421281 
SZ300029,10731071421283 
SZ300030,10731071421285 
SZ300031,10731071421287 
SZ300032,10731071421289 
SZ300033,10731071421291 
SZ300034,10731071421293 
SZ300035,10731071421295 
SZ300036,10731071421297 
SZ300037,10731071421298 
SZ300038,10731071421301 
SZ300039,10731071421303 
SZ300040,10731071421305 
SZ300041,10731071421307 
SZ300042,10731071421309 
SZ300043,10731071421310 
SZ300044,10731071421312 
SZ300045,10731070051207 
SZ300046,10731071421314 
SZ300047,10731071421316 
SZ300048,10731070051209 
SZ300049,10731071421318 
SZ300050,10731071421320 
SZ300051,10731071421322 
SZ300052,10731071421324 
SZ300053,10731071421325 
SZ300054,10731071421327 
SZ300055,10731070051211 
SZ300056,10731070051212 
SZ300057,10731071421329 
SZ300058,10731071421331 
SZ300059,10731071421333 
SZ300061,10731071421335 
SZ300062,10731071421337 
SZ300063,10731071421338 
SZ300064,10731071421340 
SZ300065,10731071421342 
SZ300066,10731071421344 
SZ300067,10731071421346 
SZ300068,10731071421348 
SZ300069,10731071421350 
SZ300070,10731071421351 
SZ300071,10731071421353 
SZ300072,10731071421355 
SZ300073,10731071421357 
SZ300074,10731071421359 
SZ300075,10731071421361 
SZ300076,10731071421363 
SZ300077,10731071421365 
SZ300078,10731071421367 
SZ300079,10731071421369 
SZ300080,10731071421371 
SZ300081,10731071421373 
SZ300082,10731071421375 
SZ300083,10731071421377 
SZ300084,10731071421379 
SZ300085,10731071421381 
SZ300086,10731071421383 
SZ300087,10731071421385 
SZ300088,10731071421387 
SZ300089,10731071421389 
SZ300090,10731071421391 
SZ300091,10731071421393 
SZ300092,10731071421395 
SZ300093,10731071421397 
SZ300094,10731071421399 
SZ300095,10731071421402 
SZ300096,10731071421404 
SZ300097,10731071421407 
SZ300098,10731071421409 
SZ300099,10731071421412 
SZ300100,10731071421414 
SZ300101,10731071421416 
SZ300102,10731070051214 
SZ300103,10731071421419 
SZ300104,10731071421421 
SZ300105,10731071421424 
SZ300106,10731071421426 
SZ300107,10731071421428 
SZ300108,10731071421431 
SZ300109,10731071421433 
SZ300110,10731071421436 
SZ300111,10731071421438 
SZ300112,10731070051216 
SZ300113,10731071421440 
SZ300114,10731071421442 
SZ300115,10731071421445 
SZ300116,10731071421447 
SZ300117,10731071421450 
SZ300118,10731071421452 
SZ300119,10731071421454 
SZ300120,10731071421457 
SZ300121,10731071421459 
SZ300122,10731071421461 
SZ300123,10731071421463 
SZ300124,10731071421466 
SZ300125,10731071421468 
SZ300126,10731071421470 
SZ300127,10731071421473 
SZ300128,10731071421475 
SZ300129,10731071421477 
SZ300130,10731071421479 
SZ300131,10731071421481 
SZ300132,10731071421483 
SZ300133,10731070051218 
SZ300134,10731071421484 
SZ300135,10731071421486 
SZ300136,10731071421488 
SZ300137,10731071421490 
SZ300138,10731071421492 
SZ300139,10731071421494 
SZ300140,10731071421496 
SZ300141,10731071421498 
SZ300142,10731071421500 
SZ300143,10731071421501 
SZ300144,10731071421503 
SZ300145,10731071421505 
SZ300146,10731071421507 
SZ300147,10731071421509 
SZ300148,10731071421511 
SZ300149,10731071421513 
SZ300150,10731071421514 
SZ300151,10731071421516 
SZ300152,10731071421518 
SZ300153,10731071421520 
SZ300154,10731071421522 
SZ300155,10731071421524 
SZ300156,10731071421526 
SZ300157,10731071421528 
SZ300158,10731071421529 
SZ300159,10731071421531 
SZ300160,10731071421533 
SZ300161,10731071421535 
SZ300162,10731071421537 
SZ300163,10731071421539 
SZ300164,10731071421541 
SZ300165,10731071421543 
SZ300166,10731071421544 
SZ300167,10731071421547 
SZ300168,10731071421549 
SZ300169,10731071421551 
SZ300170,10731071421554 
SZ300171,10731070051220 
SZ300172,10731071421556 
SZ300173,10731071421558 
SZ300174,10731071421561 
SZ300175,10731071421563 
SZ300176,10731071421566 
SZ300177,10731071421568 
SZ300178,10731071421570 
SZ300179,10731071421571 
SZ300180,10731071421573 
SZ300181,10731071421575 
SZ300182,10731071421577 
SZ300183,10731070051222 
SZ300184,10731071421579 
SZ300185,10731071421582 
SZ300187,10731071421584 
SZ300188,10731071421586 
SZ300189,10731071421588 
SZ300190,10731071421590 
SZ300191,10731071421592 
SZ300192,10731071421594 
SZ300193,10731071421596 
SZ300194,10731071421598 
SZ300195,10731071421600 
SZ300196,10731071421602 
SZ300197,10731071421604 
SZ300198,10731071421606 
SZ300199,10731071421608 
SZ300200,10731071421610 
SZ300201,10731071421612 
SZ300202,10731071421614 
SZ300203,10731071421616 
SZ300204,10731071421618 
SZ300205,10731071421620 
SZ300206,10731071421622 
SZ300207,10731071421624 
SZ300208,10731071421626 
SZ300209,10731071421628 
SZ300210,10731071421630 
SZ300211,10731071421633 
SZ300212,10731071421636 
SZ300213,10731071421638 
SZ300214,10731071421640 
SZ300215,10731071421643 
SZ300216,10731070051223 
SZ300217,10731071421645 
SZ300218,10731071421648 
SZ300219,10731071421651 
SZ300220,10731071421653 
SZ300221,10731071421655 
SZ300222,10731071421658 
SZ300223,10731071421660 
SZ300224,10731071421663 
SZ300225,10731071421665 
SZ300226,10731071421668 
SZ300227,10731071421670 
SZ300228,10731071421672 
SZ300229,10731071421675 
SZ300230,10731071421677 
SZ300231,10731071421679 
SZ300232,10731071421682 
SZ300233,10731071421684 
SZ300234,10731071421686 
SZ300235,10731071421688 
SZ300236,10731071421691 
SZ300237,10731071421693 
SZ300238,10731071421696 
SZ300239,10731070051225 
SZ300240,10731071421698 
SZ300241,10731071421701 
SZ300242,10731071421703 
SZ300243,10731071421706 
SZ300244,10731071421708 
SZ300245,10731071421711 
SZ300246,10731071421713 
SZ300247,10731071421715 
SZ300248,10731071421718 
SZ300249,10731070051227 
SZ300250,10731070051229 
SZ300251,10731071421721 
SZ300252,10731071421723 
SZ300253,10731071421726 
SZ300254,10731070051231 
SZ300255,10731071421729 
SZ300256,10731071421731 
SZ300257,10731071421733 
SZ300258,10731071421736 
SZ300259,10731071421738 
SZ300260,10731071421740 
SZ300261,10731071421742 
SZ300262,10731071421744 
SZ300263,10731071421746 
SZ300264,10731071421748 
SZ300265,10731071421750 
SZ300266,10731070051234 
SZ300267,10731071421752 
SZ300268,10731070051235 
SZ300269,10731071421754 
SZ300270,10731071421755 
SZ300271,10731070051237 
SZ300272,10731071421757 
SZ300273,10731071421759 
SZ300274,10731071421761 
SZ300275,10731071421763 
SZ300276,10731071421765 
SZ300277,10731071421767 
SZ300278,10731071421768 
SZ300279,10731071421770 
SZ300280,10731071421772 
SZ300281,10731071421774 
SZ300282,10731071421776 
SZ300283,10731071421778 
SZ300284,10731071421780 
SZ300285,10731071421782 
SZ300286,10731071421784 
SZ300287,10731071421786 
SZ300288,10731071421787 
SZ300289,10731070051239 
SZ300290,10731071421789 
SZ300291,10731071421791 
SZ300292,10731071421793 
SZ300293,10731071421795 
SZ300294,10731071421797 
SZ300295,10731071421799 
SZ300296,10731070051241 
SZ300297,10731071421801 
SZ300298,10731070051243 
SZ300299,10731071421803 
SZ300300,10731071421805 
SZ300301,10731071421807 
SZ300302,10731071421809 
SZ300303,10731071421811 
SZ300304,10731071421813 
SZ300305,10731071421816 
SZ300306,10731071421818 
SZ300307,10731071421821 
SZ300308,10731071421823 
SZ300309,10731071421825 
SZ300310,10731071421828 
SZ300311,10731071421830 
SZ300312,10731071421832 
SZ300313,10731071421835 
SZ300314,10731071421837 
SZ300315,10731071421840 
SZ300316,10731071421842 
SZ300317,10731071421845 
SZ300318,10731071421847 
SZ300319,10731071421849 
SZ300320,10731071421851 
SZ300321,10731071421853 
SZ300322,10731071421856 
SZ300323,10731071421858 
SZ300324,10731071421860 
SZ300325,10731071421863 
SZ300326,10731070051245 
SZ300327,10731071421865 
SZ300328,10731071421868 
SZ300329,10731071421871 
SZ300330,10731071421873 
SZ300331,10731071421875 
SZ300332,10731071421878 
SZ300333,10731070051246 
SZ300334,10731071421880 
SZ300335,10731071421882 
SZ300336,10731071421884 
SZ300337,10731071421886 
SZ300338,10731071421888 
SZ300339,10731071421890 
SZ300340,10731071421892 
SZ300341,10731071421895 
SZ300342,10731071421897 
SZ300343,10731071421899 
SZ300344,10731071421901 
SZ300345,10731071421903 
SZ300346,10731071421905 
SZ300347,10731071421907 
SZ300348,10731071421909 
SZ300349,10731071421911 
SZ300350,10731071421912 
SZ300351,10731071421914 
SZ300352,10731070051248 
SZ300353,10731070051250 
SZ300354,10731071421916 
SZ300355,10731071421919 
SZ300356,10731071421921 
SZ300357,10731071421923 
SZ300358,10731071421925 
SZ300359,10731071421927 
SZ300360,10731071421928 
SZ300361,10731071421930 
SZ300362,10731071421932 
SZ300363,10731071421934 
SZ300364,10731071421936 
SZ300365,10731071421939 
SZ300366,10731071421941 
SZ300367,10731071421944 
SZ300368,10731071421946 
SZ300369,10731071421948 
SZ300370,10731071421951 
SZ300371,10731071421953 
SZ300372,10731071421956 
SZ300373,10731071421958 
SZ300374,10731071421960 
SZ300375,10731071421963 
SZ300376,10731071421966 
SZ300377,10731071421969 
SZ300378,10731071421971 
SZ300379,10731071421974 
SZ300380,10731071421976 
SZ300381,10731071421978 
SZ300382,10731071421981 
SZ300383,10731071421983 
SZ300384,10731071421985 
SZ300385,10731071421988 
SZ300386,10731071421991 
SZ300387,10731071421993 
SZ300388,10731070051252 
SZ300389,10731071421995 
SZ300390,10731071421998 
SZ300391,10731071422000 
SZ300392,10731071422002 
SZ300393,10731071422004 
SZ300394,10731071422007 
SZ300395,10731071422009 
SZ300396,10731071422172 
SZ300397,10731071422175 
SZ300398,10731071422177 
SZ300399,10731071422180 
SZ300400,10731070051254 
SZ300401,10731071422182 
SZ300402,10731071422185 
SZ300403,10731070051256 
SZ300404,10731071422187 
SZ300405,10731071422190 
SZ300406,10731071422192 
SZ300407,10731071422195 
SZ300408,10731071422197 
SZ300409,10731071422199 
SZ300410,10731071422202 
SZ300411,10731071422205 
SZ300412,10731071422208 
SZ300413,10731071422210 
SZ300414,10731071422213 
SZ300415,10731070051258 
SZ300416,10731071422215 
SZ300417,10731071422217 
SZ300418,10731071422220 
SZ300419,10731071422222 
SZ300420,10731071422225 
SZ300421,10731071422228 
SZ300422,10731070051260 
SZ300423,10731071422230 
SZ300424,10731071422232 
SZ300425,10731071422235 
SZ300426,10731071422237 
SZ300427,10731071422239 
SZ300428,10731071422242 
SZ300429,10731071422245 
SZ300430,10731071422247 
SZ300431,10731071422250 
SZ300432,10731071422252 
SZ300433,10731071422254 
SZ300434,10731071422256 
SZ300435,10731071422259 
SZ300436,10731071422261 
SZ300437,10731071422263 
SZ300438,10731071422266 
SZ300439,10731071422268 
SZ300440,10731071422270 
SZ300441,10731071422273 
SZ300442,10731071422275 
SZ300443,10731071422278 
SZ300444,10731071422280 
SZ300445,10731071422282 
SZ300446,10731071422285 
SZ300447,10731071422287 
SZ300448,10731071422289 
SZ300449,10731071422291 
SZ300450,10731070051262 
SZ300451,10731071422294 
SZ300452,10731071422296 
SZ300453,10731071422299 
SZ300455,10731071422301 
SZ300456,10731071422304 
SZ300457,10731071422307 
SZ300458,10731071422309 
SZ300459,10731071422312 
SZ300460,10731071422314 
SZ300461,10731071422316 
SZ300462,10731070051264 
SZ300463,10731071422318 
SZ300464,10731071422320 
SZ300465,10731071422322 
SZ300466,10731071422324 
SZ300467,10731071422326 
SZ300468,10731071422328 
SZ300469,10731071422330 
SZ300470,10731071422332 
SZ300471,10731070051266 
SZ300472,10731071422335 
SZ300473,10731071422337 
SZ300474,10731071422339 
SZ300475,10731071422341 
SZ300476,10731071422343 
SZ300477,10731071422345 
SZ300478,10731071422346 
SZ300479,10731071422348 
SZ300480,10731071422350 
SZ300481,10731071422352 
SZ300482,10731071422354 
SZ300483,10731071422356 
SZ300484,10731071422359 
SZ300485,10731071422361 
SZ300486,10731070051268 
SZ300487,10731071422363 
SZ300488,10731071422365 
SZ300489,10731071422367 
SZ300490,10731071422369 
SZ300491,10731071422371 
SZ300492,10731071422373 
SZ300493,10731071422374 
SZ300494,10731071422377 
SZ300495,10731071422379 
SZ300496,10731071422382 
SZ300497,10731071422384 
SZ300498,10731071422387 
SZ300499,10731071422389 
SZ300500,10731075490864 
SZ300501,10731075490867 
SZ300502,10731075490870 
SZ300503,10731071422391 
SZ300505,10731075490873 
SZ300506,10731075052566 
SZ300507,10731075052193 
SZ300508,10731075052206 
SZ300509,10731075052202 
SZ300510,10731075052186 
SZ300511,10731075052188 
SZ300512,10731081797357 
SZ300513,10731081797351 
SZ300515,10731081797327 
SZ300516,10731081797342 
SZ300517,10731081797257 
SZ300518,10731081797314 
SZ300519,10731081797310 
SZ300520,10731081797268 
SZ300521,10731081797287 
SZ300522,10731081797291 
SZ300523,10731081797250 
SZ300525,10731081797254 
SZ300526,10731081797230 
SZ300527,10731081797226 
SZ300529,10731081797233 
SZ603029,10731075052199 
